{
  "v": "5.5.9",
  "fr": 24,
  "ip": 0,
  "op": 72,
  "w": 1080,
  "h": 1080,
  "nm": "loading 1",
  "ddd": 0,
  "assets": [],
  "layers": [
    {
      "ddd": 0,
      "ind": 1,
      "ty": 3,
      "nm": "Null 1",
      "sr": 1,
      "ks": {
        "o": {
          "a": 0,
          "k": 0,
          "ix": 11
        },
        "r": {
          "a": 0,
          "k": 0,
          "ix": 10
        },
        "p": {
          "a": 0,
          "k": [
            540,
            540,
            0
          ],
          "ix": 2
        },
        "a": {
          "a": 0,
          "k": [
            0,
            0,
            0
          ],
          "ix": 1
        },
        "s": {
          "a": 0,
          "k": [
            100,
            100,
            100
          ],
          "ix": 6
        }
      },
      "ao": 0,
      "ip": 0,
      "op": 72.0720720720721,
      "st": 0,
      "bm": 0
    },
    {
      "ddd": 0,
      "ind": 2,
      "ty": 4,
      "nm": "Shape Layer 7",
      "parent": 1,
      "sr": 1,
      "ks": {
        "o": {
          "a": 0,
          "k": 100,
          "ix": 11
        },
        "r": {
          "a": 1,
          "k": [
            {
              "i": {
                "x": [
                  0.326
                ],
                "y": [
                  0.974
                ]
              },
              "o": {
                "x": [
                  0.333
                ],
                "y": [
                  0
                ]
              },
              "t": 0,
              "s": [
                90
              ]
            },
            {
              "i": {
                "x": [
                  0.833
                ],
                "y": [
                  1
                ]
              },
              "o": {
                "x": [
                  0.672
                ],
                "y": [
                  0.13
                ]
              },
              "t": 37,
              "s": [
                390
              ]
            },
            {
              "t": 71,
              "s": [
                450
              ]
            }
          ],
          "ix": 10
        },
        "p": {
          "a": 0,
          "k": [
            0,
            0,
            0
          ],
          "ix": 2
        },
        "a": {
          "a": 0,
          "k": [
            351.875,
            -120.245,
            0
          ],
          "ix": 1
        },
        "s": {
          "a": 0,
          "k": [
            100,
            100,
            100
          ],
          "ix": 6
        }
      },
      "ao": 0,
      "shapes": [
        {
          "ty": "gr",
          "it": [
            {
              "ty": "rc",
              "d": 1,
              "s": {
                "a": 0,
                "k": [
                  222.679,
                  10
                ],
                "ix": 2
              },
              "p": {
                "a": 0,
                "k": [
                  0,
                  0
                ],
                "ix": 3
              },
              "r": {
                "a": 0,
                "k": 20,
                "ix": 4
              },
              "nm": "Rectangle Path 1",
              "mn": "ADBE Vector Shape - Rect",
              "hd": false
            },
            {
              "ty": "st",
              "c": {
                "a": 0,
                "k": [
                  0,
                  0,
                  0,
                  1
                ],
                "ix": 3
              },
              "o": {
                "a": 0,
                "k": 100,
                "ix": 4
              },
              "w": {
                "a": 0,
                "k": 0,
                "ix": 5
              },
              "lc": 1,
              "lj": 1,
              "ml": 4,
              "bm": 0,
              "nm": "Stroke 1",
              "mn": "ADBE Vector Graphic - Stroke",
              "hd": false
            },
            {
              "ty": "fl",
              "c": {
                "a": 0,
                "k": [
                  0.396078461292,
                  0.533333333333,
                  0.945098099054,
                  1
                ],
                "ix": 4
              },
              "o": {
                "a": 0,
                "k": 100,
                "ix": 5
              },
              "r": 1,
              "bm": 0,
              "nm": "Fill 1",
              "mn": "ADBE Vector Graphic - Fill",
              "hd": false
            },
            {
              "ty": "tr",
              "p": {
                "a": 0,
                "k": [
                  32.315,
                  -120.56
                ],
                "ix": 2
              },
              "a": {
                "a": 0,
                "k": [
                  0,
                  0
                ],
                "ix": 1
              },
              "s": {
                "a": 0,
                "k": [
                  100,
                  100
                ],
                "ix": 3
              },
              "r": {
                "a": 0,
                "k": 0,
                "ix": 6
              },
              "o": {
                "a": 0,
                "k": 100,
                "ix": 7
              },
              "sk": {
                "a": 0,
                "k": 0,
                "ix": 4
              },
              "sa": {
                "a": 0,
                "k": 0,
                "ix": 5
              },
              "nm": "Transform"
            }
          ],
          "nm": "Rectangle 1",
          "np": 3,
          "cix": 2,
          "bm": 0,
          "ix": 1,
          "mn": "ADBE Vector Group",
          "hd": false
        }
      ],
      "ip": 0,
      "op": 72.0720720720721,
      "st": 0,
      "bm": 0
    },
    {
      "ddd": 0,
      "ind": 3,
      "ty": 4,
      "nm": "Shape Layer 6",
      "parent": 1,
      "sr": 1,
      "ks": {
        "o": {
          "a": 0,
          "k": 100,
          "ix": 11
        },
        "r": {
          "a": 1,
          "k": [
            {
              "i": {
                "x": [
                  0.326
                ],
                "y": [
                  0.968
                ]
              },
              "o": {
                "x": [
                  0.333
                ],
                "y": [
                  0
                ]
              },
              "t": 0,
              "s": [
                90
              ]
            },
            {
              "i": {
                "x": [
                  0.833
                ],
                "y": [
                  1
                ]
              },
              "o": {
                "x": [
                  0.672
                ],
                "y": [
                  0.065
                ]
              },
              "t": 37,
              "s": [
                330
              ]
            },
            {
              "t": 71,
              "s": [
                450
              ]
            }
          ],
          "ix": 10
        },
        "p": {
          "a": 0,
          "k": [
            0,
            0,
            0
          ],
          "ix": 2
        },
        "a": {
          "a": 0,
          "k": [
            351.875,
            -120.245,
            0
          ],
          "ix": 1
        },
        "s": {
          "a": 0,
          "k": [
            100,
            100,
            100
          ],
          "ix": 6
        }
      },
      "ao": 0,
      "shapes": [
        {
          "ty": "gr",
          "it": [
            {
              "ty": "rc",
              "d": 1,
              "s": {
                "a": 0,
                "k": [
                  222.679,
                  10
                ],
                "ix": 2
              },
              "p": {
                "a": 0,
                "k": [
                  0,
                  0
                ],
                "ix": 3
              },
              "r": {
                "a": 0,
                "k": 20,
                "ix": 4
              },
              "nm": "Rectangle Path 1",
              "mn": "ADBE Vector Shape - Rect",
              "hd": false
            },
            {
              "ty": "st",
              "c": {
                "a": 0,
                "k": [
                  0,
                  0,
                  0,
                  1
                ],
                "ix": 3
              },
              "o": {
                "a": 0,
                "k": 100,
                "ix": 4
              },
              "w": {
                "a": 0,
                "k": 0,
                "ix": 5
              },
              "lc": 1,
              "lj": 1,
              "ml": 4,
              "bm": 0,
              "nm": "Stroke 1",
              "mn": "ADBE Vector Graphic - Stroke",
              "hd": false
            },
            {
              "ty": "fl",
              "c": {
                "a": 0,
                "k": [
                  0.396078461292,
                  0.533333333333,
                  0.945098099054,
                  1
                ],
                "ix": 4
              },
              "o": {
                "a": 0,
                "k": 100,
                "ix": 5
              },
              "r": 1,
              "bm": 0,
              "nm": "Fill 1",
              "mn": "ADBE Vector Graphic - Fill",
              "hd": false
            },
            {
              "ty": "tr",
              "p": {
                "a": 0,
                "k": [
                  32.315,
                  -120.56
                ],
                "ix": 2
              },
              "a": {
                "a": 0,
                "k": [
                  0,
                  0
                ],
                "ix": 1
              },
              "s": {
                "a": 0,
                "k": [
                  100,
                  100
                ],
                "ix": 3
              },
              "r": {
                "a": 0,
                "k": 0,
                "ix": 6
              },
              "o": {
                "a": 0,
                "k": 100,
                "ix": 7
              },
              "sk": {
                "a": 0,
                "k": 0,
                "ix": 4
              },
              "sa": {
                "a": 0,
                "k": 0,
                "ix": 5
              },
              "nm": "Transform"
            }
          ],
          "nm": "Rectangle 1",
          "np": 3,
          "cix": 2,
          "bm": 0,
          "ix": 1,
          "mn": "ADBE Vector Group",
          "hd": false
        }
      ],
      "ip": 0,
      "op": 72.0720720720721,
      "st": 0,
      "bm": 0
    },
    {
      "ddd": 0,
      "ind": 4,
      "ty": 4,
      "nm": "Shape Layer 5",
      "parent": 1,
      "sr": 1,
      "ks": {
        "o": {
          "a": 0,
          "k": 100,
          "ix": 11
        },
        "r": {
          "a": 1,
          "k": [
            {
              "i": {
                "x": [
                  0.326
                ],
                "y": [
                  0.957
                ]
              },
              "o": {
                "x": [
                  0.333
                ],
                "y": [
                  0
                ]
              },
              "t": 0,
              "s": [
                90
              ]
            },
            {
              "i": {
                "x": [
                  0.833
                ],
                "y": [
                  1
                ]
              },
              "o": {
                "x": [
                  0.672
                ],
                "y": [
                  0.043
                ]
              },
              "t": 37,
              "s": [
                270
              ]
            },
            {
              "t": 71,
              "s": [
                450
              ]
            }
          ],
          "ix": 10
        },
        "p": {
          "a": 0,
          "k": [
            0,
            0,
            0
          ],
          "ix": 2
        },
        "a": {
          "a": 0,
          "k": [
            351.875,
            -120.245,
            0
          ],
          "ix": 1
        },
        "s": {
          "a": 0,
          "k": [
            100,
            100,
            100
          ],
          "ix": 6
        }
      },
      "ao": 0,
      "shapes": [
        {
          "ty": "gr",
          "it": [
            {
              "ty": "rc",
              "d": 1,
              "s": {
                "a": 0,
                "k": [
                  222.679,
                  10
                ],
                "ix": 2
              },
              "p": {
                "a": 0,
                "k": [
                  0,
                  0
                ],
                "ix": 3
              },
              "r": {
                "a": 0,
                "k": 20,
                "ix": 4
              },
              "nm": "Rectangle Path 1",
              "mn": "ADBE Vector Shape - Rect",
              "hd": false
            },
            {
              "ty": "st",
              "c": {
                "a": 0,
                "k": [
                  0,
                  0,
                  0,
                  1
                ],
                "ix": 3
              },
              "o": {
                "a": 0,
                "k": 100,
                "ix": 4
              },
              "w": {
                "a": 0,
                "k": 0,
                "ix": 5
              },
              "lc": 1,
              "lj": 1,
              "ml": 4,
              "bm": 0,
              "nm": "Stroke 1",
              "mn": "ADBE Vector Graphic - Stroke",
              "hd": false
            },
            {
              "ty": "fl",
              "c": {
                "a": 0,
                "k": [
                  0.396078461292,
                  0.533333333333,
                  0.945098099054,
                  1
                ],
                "ix": 4
              },
              "o": {
                "a": 0,
                "k": 100,
                "ix": 5
              },
              "r": 1,
              "bm": 0,
              "nm": "Fill 1",
              "mn": "ADBE Vector Graphic - Fill",
              "hd": false
            },
            {
              "ty": "tr",
              "p": {
                "a": 0,
                "k": [
                  32.315,
                  -120.56
                ],
                "ix": 2
              },
              "a": {
                "a": 0,
                "k": [
                  0,
                  0
                ],
                "ix": 1
              },
              "s": {
                "a": 0,
                "k": [
                  100,
                  100
                ],
                "ix": 3
              },
              "r": {
                "a": 0,
                "k": 0,
                "ix": 6
              },
              "o": {
                "a": 0,
                "k": 100,
                "ix": 7
              },
              "sk": {
                "a": 0,
                "k": 0,
                "ix": 4
              },
              "sa": {
                "a": 0,
                "k": 0,
                "ix": 5
              },
              "nm": "Transform"
            }
          ],
          "nm": "Rectangle 1",
          "np": 3,
          "cix": 2,
          "bm": 0,
          "ix": 1,
          "mn": "ADBE Vector Group",
          "hd": false
        }
      ],
      "ip": 0,
      "op": 72.0720720720721,
      "st": 0,
      "bm": 0
    },
    {
      "ddd": 0,
      "ind": 5,
      "ty": 4,
      "nm": "Shape Layer 4",
      "parent": 1,
      "sr": 1,
      "ks": {
        "o": {
          "a": 0,
          "k": 100,
          "ix": 11
        },
        "r": {
          "a": 1,
          "k": [
            {
              "i": {
                "x": [
                  0.326
                ],
                "y": [
                  0.936
                ]
              },
              "o": {
                "x": [
                  0.333
                ],
                "y": [
                  0
                ]
              },
              "t": 0,
              "s": [
                90
              ]
            },
            {
              "i": {
                "x": [
                  0.833
                ],
                "y": [
                  1
                ]
              },
              "o": {
                "x": [
                  0.672
                ],
                "y": [
                  0.032
                ]
              },
              "t": 37,
              "s": [
                210
              ]
            },
            {
              "t": 71,
              "s": [
                450
              ]
            }
          ],
          "ix": 10
        },
        "p": {
          "a": 0,
          "k": [
            0,
            0,
            0
          ],
          "ix": 2
        },
        "a": {
          "a": 0,
          "k": [
            351.875,
            -120.245,
            0
          ],
          "ix": 1
        },
        "s": {
          "a": 0,
          "k": [
            100,
            100,
            100
          ],
          "ix": 6
        }
      },
      "ao": 0,
      "shapes": [
        {
          "ty": "gr",
          "it": [
            {
              "ty": "rc",
              "d": 1,
              "s": {
                "a": 0,
                "k": [
                  222.679,
                  10
                ],
                "ix": 2
              },
              "p": {
                "a": 0,
                "k": [
                  0,
                  0
                ],
                "ix": 3
              },
              "r": {
                "a": 0,
                "k": 20,
                "ix": 4
              },
              "nm": "Rectangle Path 1",
              "mn": "ADBE Vector Shape - Rect",
              "hd": false
            },
            {
              "ty": "st",
              "c": {
                "a": 0,
                "k": [
                  0,
                  0,
                  0,
                  1
                ],
                "ix": 3
              },
              "o": {
                "a": 0,
                "k": 100,
                "ix": 4
              },
              "w": {
                "a": 0,
                "k": 0,
                "ix": 5
              },
              "lc": 1,
              "lj": 1,
              "ml": 4,
              "bm": 0,
              "nm": "Stroke 1",
              "mn": "ADBE Vector Graphic - Stroke",
              "hd": false
            },
            {
              "ty": "fl",
              "c": {
                "a": 0,
                "k": [
                  0.396078461292,
                  0.533333333333,
                  0.945098099054,
                  1
                ],
                "ix": 4
              },
              "o": {
                "a": 0,
                "k": 100,
                "ix": 5
              },
              "r": 1,
              "bm": 0,
              "nm": "Fill 1",
              "mn": "ADBE Vector Graphic - Fill",
              "hd": false
            },
            {
              "ty": "tr",
              "p": {
                "a": 0,
                "k": [
                  32.315,
                  -120.56
                ],
                "ix": 2
              },
              "a": {
                "a": 0,
                "k": [
                  0,
                  0
                ],
                "ix": 1
              },
              "s": {
                "a": 0,
                "k": [
                  100,
                  100
                ],
                "ix": 3
              },
              "r": {
                "a": 0,
                "k": 0,
                "ix": 6
              },
              "o": {
                "a": 0,
                "k": 100,
                "ix": 7
              },
              "sk": {
                "a": 0,
                "k": 0,
                "ix": 4
              },
              "sa": {
                "a": 0,
                "k": 0,
                "ix": 5
              },
              "nm": "Transform"
            }
          ],
          "nm": "Rectangle 1",
          "np": 3,
          "cix": 2,
          "bm": 0,
          "ix": 1,
          "mn": "ADBE Vector Group",
          "hd": false
        }
      ],
      "ip": 0,
      "op": 72.0720720720721,
      "st": 0,
      "bm": 0
    },
    {
      "ddd": 0,
      "ind": 6,
      "ty": 4,
      "nm": "Shape Layer 3",
      "parent": 1,
      "sr": 1,
      "ks": {
        "o": {
          "a": 0,
          "k": 100,
          "ix": 11
        },
        "r": {
          "a": 1,
          "k": [
            {
              "i": {
                "x": [
                  0.326
                ],
                "y": [
                  0.872
                ]
              },
              "o": {
                "x": [
                  0.333
                ],
                "y": [
                  0
                ]
              },
              "t": 0,
              "s": [
                90
              ]
            },
            {
              "i": {
                "x": [
                  0.833
                ],
                "y": [
                  1
                ]
              },
              "o": {
                "x": [
                  0.672
                ],
                "y": [
                  0.026
                ]
              },
              "t": 37,
              "s": [
                150
              ]
            },
            {
              "t": 71,
              "s": [
                450
              ]
            }
          ],
          "ix": 10
        },
        "p": {
          "a": 0,
          "k": [
            0,
            0,
            0
          ],
          "ix": 2
        },
        "a": {
          "a": 0,
          "k": [
            351.875,
            -120.245,
            0
          ],
          "ix": 1
        },
        "s": {
          "a": 0,
          "k": [
            100,
            100,
            100
          ],
          "ix": 6
        }
      },
      "ao": 0,
      "shapes": [
        {
          "ty": "gr",
          "it": [
            {
              "ty": "rc",
              "d": 1,
              "s": {
                "a": 0,
                "k": [
                  222.679,
                  10
                ],
                "ix": 2
              },
              "p": {
                "a": 0,
                "k": [
                  0,
                  0
                ],
                "ix": 3
              },
              "r": {
                "a": 0,
                "k": 20,
                "ix": 4
              },
              "nm": "Rectangle Path 1",
              "mn": "ADBE Vector Shape - Rect",
              "hd": false
            },
            {
              "ty": "st",
              "c": {
                "a": 0,
                "k": [
                  0,
                  0,
                  0,
                  1
                ],
                "ix": 3
              },
              "o": {
                "a": 0,
                "k": 100,
                "ix": 4
              },
              "w": {
                "a": 0,
                "k": 0,
                "ix": 5
              },
              "lc": 1,
              "lj": 1,
              "ml": 4,
              "bm": 0,
              "nm": "Stroke 1",
              "mn": "ADBE Vector Graphic - Stroke",
              "hd": false
            },
            {
              "ty": "fl",
              "c": {
                "a": 0,
                "k": [
                  0.396078461292,
                  0.533333333333,
                  0.945098099054,
                  1
                ],
                "ix": 4
              },
              "o": {
                "a": 0,
                "k": 100,
                "ix": 5
              },
              "r": 1,
              "bm": 0,
              "nm": "Fill 1",
              "mn": "ADBE Vector Graphic - Fill",
              "hd": false
            },
            {
              "ty": "tr",
              "p": {
                "a": 0,
                "k": [
                  32.315,
                  -120.56
                ],
                "ix": 2
              },
              "a": {
                "a": 0,
                "k": [
                  0,
                  0
                ],
                "ix": 1
              },
              "s": {
                "a": 0,
                "k": [
                  100,
                  100
                ],
                "ix": 3
              },
              "r": {
                "a": 0,
                "k": 0,
                "ix": 6
              },
              "o": {
                "a": 0,
                "k": 100,
                "ix": 7
              },
              "sk": {
                "a": 0,
                "k": 0,
                "ix": 4
              },
              "sa": {
                "a": 0,
                "k": 0,
                "ix": 5
              },
              "nm": "Transform"
            }
          ],
          "nm": "Rectangle 1",
          "np": 3,
          "cix": 2,
          "bm": 0,
          "ix": 1,
          "mn": "ADBE Vector Group",
          "hd": false
        }
      ],
      "ip": 0,
      "op": 72.0720720720721,
      "st": 0,
      "bm": 0
    },
    {
      "ddd": 0,
      "ind": 7,
      "ty": 4,
      "nm": "Shape Layer 1",
      "parent": 1,
      "sr": 1,
      "ks": {
        "o": {
          "a": 0,
          "k": 100,
          "ix": 11
        },
        "r": {
          "a": 1,
          "k": [
            {
              "i": {
                "x": [
                  0.326
                ],
                "y": [
                  0.979
                ]
              },
              "o": {
                "x": [
                  0.333
                ],
                "y": [
                  0
                ]
              },
              "t": 0,
              "s": [
                90
              ]
            },
            {
              "t": 37,
              "s": [
                450
              ]
            }
          ],
          "ix": 10
        },
        "p": {
          "a": 0,
          "k": [
            0,
            0,
            0
          ],
          "ix": 2
        },
        "a": {
          "a": 0,
          "k": [
            351.875,
            -120.245,
            0
          ],
          "ix": 1
        },
        "s": {
          "a": 0,
          "k": [
            100,
            100,
            100
          ],
          "ix": 6
        }
      },
      "ao": 0,
      "shapes": [
        {
          "ty": "gr",
          "it": [
            {
              "ty": "rc",
              "d": 1,
              "s": {
                "a": 0,
                "k": [
                  222.679,
                  10
                ],
                "ix": 2
              },
              "p": {
                "a": 0,
                "k": [
                  0,
                  0
                ],
                "ix": 3
              },
              "r": {
                "a": 0,
                "k": 20,
                "ix": 4
              },
              "nm": "Rectangle Path 1",
              "mn": "ADBE Vector Shape - Rect",
              "hd": false
            },
            {
              "ty": "st",
              "c": {
                "a": 0,
                "k": [
                  0,
                  0,
                  0,
                  1
                ],
                "ix": 3
              },
              "o": {
                "a": 0,
                "k": 100,
                "ix": 4
              },
              "w": {
                "a": 0,
                "k": 0,
                "ix": 5
              },
              "lc": 1,
              "lj": 1,
              "ml": 4,
              "bm": 0,
              "nm": "Stroke 1",
              "mn": "ADBE Vector Graphic - Stroke",
              "hd": false
            },
            {
              "ty": "fl",
              "c": {
                "a": 0,
                "k": [
                  0.396078461292,
                  0.533333333333,
                  0.945098099054,
                  1
                ],
                "ix": 4
              },
              "o": {
                "a": 0,
                "k": 100,
                "ix": 5
              },
              "r": 1,
              "bm": 0,
              "nm": "Fill 1",
              "mn": "ADBE Vector Graphic - Fill",
              "hd": false
            },
            {
              "ty": "tr",
              "p": {
                "a": 0,
                "k": [
                  32.315,
                  -120.56
                ],
                "ix": 2
              },
              "a": {
                "a": 0,
                "k": [
                  0,
                  0
                ],
                "ix": 1
              },
              "s": {
                "a": 0,
                "k": [
                  100,
                  100
                ],
                "ix": 3
              },
              "r": {
                "a": 0,
                "k": 0,
                "ix": 6
              },
              "o": {
                "a": 0,
                "k": 100,
                "ix": 7
              },
              "sk": {
                "a": 0,
                "k": 0,
                "ix": 4
              },
              "sa": {
                "a": 0,
                "k": 0,
                "ix": 5
              },
              "nm": "Transform"
            }
          ],
          "nm": "Rectangle 1",
          "np": 3,
          "cix": 2,
          "bm": 0,
          "ix": 1,
          "mn": "ADBE Vector Group",
          "hd": false
        }
      ],
      "ip": 0,
      "op": 72.0720720720721,
      "st": 0,
      "bm": 0
    },
    {
      "ddd": 0,
      "ind": 8,
      "ty": 4,
      "nm": "Shape Layer 13",
      "parent": 1,
      "sr": 1,
      "ks": {
        "o": {
          "a": 0,
          "k": 100,
          "ix": 11
        },
        "r": {
          "a": 1,
          "k": [
            {
              "i": {
                "x": [
                  0.544
                ],
                "y": [
                  0.96
                ]
              },
              "o": {
                "x": [
                  0.333
                ],
                "y": [
                  0
                ]
              },
              "t": 0,
              "s": [
                90
              ]
            },
            {
              "i": {
                "x": [
                  0.833
                ],
                "y": [
                  1
                ]
              },
              "o": {
                "x": [
                  0.449
                ],
                "y": [
                  0.061
                ]
              },
              "t": 37,
              "s": [
                390
              ]
            },
            {
              "t": 71,
              "s": [
                450
              ]
            }
          ],
          "ix": 10
        },
        "p": {
          "a": 0,
          "k": [
            0,
            0,
            0
          ],
          "ix": 2
        },
        "a": {
          "a": 0,
          "k": [
            351.875,
            -120.245,
            0
          ],
          "ix": 1
        },
        "s": {
          "a": 0,
          "k": [
            100,
            100,
            100
          ],
          "ix": 6
        }
      },
      "ao": 0,
      "shapes": [
        {
          "ty": "gr",
          "it": [
            {
              "ty": "rc",
              "d": 1,
              "s": {
                "a": 0,
                "k": [
                  222.679,
                  10
                ],
                "ix": 2
              },
              "p": {
                "a": 0,
                "k": [
                  0,
                  0
                ],
                "ix": 3
              },
              "r": {
                "a": 0,
                "k": 20,
                "ix": 4
              },
              "nm": "Rectangle Path 1",
              "mn": "ADBE Vector Shape - Rect",
              "hd": false
            },
            {
              "ty": "st",
              "c": {
                "a": 0,
                "k": [
                  0,
                  0,
                  0,
                  1
                ],
                "ix": 3
              },
              "o": {
                "a": 0,
                "k": 100,
                "ix": 4
              },
              "w": {
                "a": 0,
                "k": 0,
                "ix": 5
              },
              "lc": 1,
              "lj": 1,
              "ml": 4,
              "bm": 0,
              "nm": "Stroke 1",
              "mn": "ADBE Vector Graphic - Stroke",
              "hd": false
            },
            {
              "ty": "fl",
              "c": {
                "a": 0,
                "k": [
                  0.403921598547,
                  0.90588241278,
                  0.756862804936,
                  1
                ],
                "ix": 4
              },
              "o": {
                "a": 0,
                "k": 100,
                "ix": 5
              },
              "r": 1,
              "bm": 0,
              "nm": "Fill 1",
              "mn": "ADBE Vector Graphic - Fill",
              "hd": false
            },
            {
              "ty": "tr",
              "p": {
                "a": 0,
                "k": [
                  32.315,
                  -120.56
                ],
                "ix": 2
              },
              "a": {
                "a": 0,
                "k": [
                  0,
                  0
                ],
                "ix": 1
              },
              "s": {
                "a": 0,
                "k": [
                  100,
                  100
                ],
                "ix": 3
              },
              "r": {
                "a": 0,
                "k": 0,
                "ix": 6
              },
              "o": {
                "a": 0,
                "k": 100,
                "ix": 7
              },
              "sk": {
                "a": 0,
                "k": 0,
                "ix": 4
              },
              "sa": {
                "a": 0,
                "k": 0,
                "ix": 5
              },
              "nm": "Transform"
            }
          ],
          "nm": "Rectangle 1",
          "np": 3,
          "cix": 2,
          "bm": 0,
          "ix": 1,
          "mn": "ADBE Vector Group",
          "hd": false
        }
      ],
      "ip": 0,
      "op": 72.0720720720721,
      "st": 0,
      "bm": 0
    },
    {
      "ddd": 0,
      "ind": 9,
      "ty": 4,
      "nm": "Shape Layer 12",
      "parent": 1,
      "sr": 1,
      "ks": {
        "o": {
          "a": 0,
          "k": 100,
          "ix": 11
        },
        "r": {
          "a": 1,
          "k": [
            {
              "i": {
                "x": [
                  0.544
                ],
                "y": [
                  0.95
                ]
              },
              "o": {
                "x": [
                  0.333
                ],
                "y": [
                  0
                ]
              },
              "t": 0,
              "s": [
                90
              ]
            },
            {
              "i": {
                "x": [
                  0.833
                ],
                "y": [
                  1
                ]
              },
              "o": {
                "x": [
                  0.449
                ],
                "y": [
                  0.031
                ]
              },
              "t": 37,
              "s": [
                330
              ]
            },
            {
              "t": 71,
              "s": [
                450
              ]
            }
          ],
          "ix": 10
        },
        "p": {
          "a": 0,
          "k": [
            0,
            0,
            0
          ],
          "ix": 2
        },
        "a": {
          "a": 0,
          "k": [
            351.875,
            -120.245,
            0
          ],
          "ix": 1
        },
        "s": {
          "a": 0,
          "k": [
            100,
            100,
            100
          ],
          "ix": 6
        }
      },
      "ao": 0,
      "shapes": [
        {
          "ty": "gr",
          "it": [
            {
              "ty": "rc",
              "d": 1,
              "s": {
                "a": 0,
                "k": [
                  222.679,
                  10
                ],
                "ix": 2
              },
              "p": {
                "a": 0,
                "k": [
                  0,
                  0
                ],
                "ix": 3
              },
              "r": {
                "a": 0,
                "k": 20,
                "ix": 4
              },
              "nm": "Rectangle Path 1",
              "mn": "ADBE Vector Shape - Rect",
              "hd": false
            },
            {
              "ty": "st",
              "c": {
                "a": 0,
                "k": [
                  0,
                  0,
                  0,
                  1
                ],
                "ix": 3
              },
              "o": {
                "a": 0,
                "k": 100,
                "ix": 4
              },
              "w": {
                "a": 0,
                "k": 0,
                "ix": 5
              },
              "lc": 1,
              "lj": 1,
              "ml": 4,
              "bm": 0,
              "nm": "Stroke 1",
              "mn": "ADBE Vector Graphic - Stroke",
              "hd": false
            },
            {
              "ty": "fl",
              "c": {
                "a": 0,
                "k": [
                  0.403921598547,
                  0.90588241278,
                  0.756862804936,
                  1
                ],
                "ix": 4
              },
              "o": {
                "a": 0,
                "k": 100,
                "ix": 5
              },
              "r": 1,
              "bm": 0,
              "nm": "Fill 1",
              "mn": "ADBE Vector Graphic - Fill",
              "hd": false
            },
            {
              "ty": "tr",
              "p": {
                "a": 0,
                "k": [
                  32.315,
                  -120.56
                ],
                "ix": 2
              },
              "a": {
                "a": 0,
                "k": [
                  0,
                  0
                ],
                "ix": 1
              },
              "s": {
                "a": 0,
                "k": [
                  100,
                  100
                ],
                "ix": 3
              },
              "r": {
                "a": 0,
                "k": 0,
                "ix": 6
              },
              "o": {
                "a": 0,
                "k": 100,
                "ix": 7
              },
              "sk": {
                "a": 0,
                "k": 0,
                "ix": 4
              },
              "sa": {
                "a": 0,
                "k": 0,
                "ix": 5
              },
              "nm": "Transform"
            }
          ],
          "nm": "Rectangle 1",
          "np": 3,
          "cix": 2,
          "bm": 0,
          "ix": 1,
          "mn": "ADBE Vector Group",
          "hd": false
        }
      ],
      "ip": 0,
      "op": 72.0720720720721,
      "st": 0,
      "bm": 0
    },
    {
      "ddd": 0,
      "ind": 10,
      "ty": 4,
      "nm": "Shape Layer 11",
      "parent": 1,
      "sr": 1,
      "ks": {
        "o": {
          "a": 0,
          "k": 100,
          "ix": 11
        },
        "r": {
          "a": 1,
          "k": [
            {
              "i": {
                "x": [
                  0.544
                ],
                "y": [
                  0.934
                ]
              },
              "o": {
                "x": [
                  0.333
                ],
                "y": [
                  0
                ]
              },
              "t": 0,
              "s": [
                90
              ]
            },
            {
              "i": {
                "x": [
                  0.833
                ],
                "y": [
                  1
                ]
              },
              "o": {
                "x": [
                  0.449
                ],
                "y": [
                  0.02
                ]
              },
              "t": 37,
              "s": [
                270
              ]
            },
            {
              "t": 71,
              "s": [
                450
              ]
            }
          ],
          "ix": 10
        },
        "p": {
          "a": 0,
          "k": [
            0,
            0,
            0
          ],
          "ix": 2
        },
        "a": {
          "a": 0,
          "k": [
            351.875,
            -120.245,
            0
          ],
          "ix": 1
        },
        "s": {
          "a": 0,
          "k": [
            100,
            100,
            100
          ],
          "ix": 6
        }
      },
      "ao": 0,
      "shapes": [
        {
          "ty": "gr",
          "it": [
            {
              "ty": "rc",
              "d": 1,
              "s": {
                "a": 0,
                "k": [
                  222.679,
                  10
                ],
                "ix": 2
              },
              "p": {
                "a": 0,
                "k": [
                  0,
                  0
                ],
                "ix": 3
              },
              "r": {
                "a": 0,
                "k": 20,
                "ix": 4
              },
              "nm": "Rectangle Path 1",
              "mn": "ADBE Vector Shape - Rect",
              "hd": false
            },
            {
              "ty": "st",
              "c": {
                "a": 0,
                "k": [
                  0,
                  0,
                  0,
                  1
                ],
                "ix": 3
              },
              "o": {
                "a": 0,
                "k": 100,
                "ix": 4
              },
              "w": {
                "a": 0,
                "k": 0,
                "ix": 5
              },
              "lc": 1,
              "lj": 1,
              "ml": 4,
              "bm": 0,
              "nm": "Stroke 1",
              "mn": "ADBE Vector Graphic - Stroke",
              "hd": false
            },
            {
              "ty": "fl",
              "c": {
                "a": 0,
                "k": [
                  0.403921598547,
                  0.90588241278,
                  0.756862804936,
                  1
                ],
                "ix": 4
              },
              "o": {
                "a": 0,
                "k": 100,
                "ix": 5
              },
              "r": 1,
              "bm": 0,
              "nm": "Fill 1",
              "mn": "ADBE Vector Graphic - Fill",
              "hd": false
            },
            {
              "ty": "tr",
              "p": {
                "a": 0,
                "k": [
                  32.315,
                  -120.56
                ],
                "ix": 2
              },
              "a": {
                "a": 0,
                "k": [
                  0,
                  0
                ],
                "ix": 1
              },
              "s": {
                "a": 0,
                "k": [
                  100,
                  100
                ],
                "ix": 3
              },
              "r": {
                "a": 0,
                "k": 0,
                "ix": 6
              },
              "o": {
                "a": 0,
                "k": 100,
                "ix": 7
              },
              "sk": {
                "a": 0,
                "k": 0,
                "ix": 4
              },
              "sa": {
                "a": 0,
                "k": 0,
                "ix": 5
              },
              "nm": "Transform"
            }
          ],
          "nm": "Rectangle 1",
          "np": 3,
          "cix": 2,
          "bm": 0,
          "ix": 1,
          "mn": "ADBE Vector Group",
          "hd": false
        }
      ],
      "ip": 0,
      "op": 72.0720720720721,
      "st": 0,
      "bm": 0
    },
    {
      "ddd": 0,
      "ind": 11,
      "ty": 4,
      "nm": "Shape Layer 10",
      "parent": 1,
      "sr": 1,
      "ks": {
        "o": {
          "a": 0,
          "k": 100,
          "ix": 11
        },
        "r": {
          "a": 1,
          "k": [
            {
              "i": {
                "x": [
                  0.544
                ],
                "y": [
                  0.901
                ]
              },
              "o": {
                "x": [
                  0.333
                ],
                "y": [
                  0
                ]
              },
              "t": 0,
              "s": [
                90
              ]
            },
            {
              "i": {
                "x": [
                  0.833
                ],
                "y": [
                  1
                ]
              },
              "o": {
                "x": [
                  0.449
                ],
                "y": [
                  0.015
                ]
              },
              "t": 37,
              "s": [
                210
              ]
            },
            {
              "t": 71,
              "s": [
                450
              ]
            }
          ],
          "ix": 10
        },
        "p": {
          "a": 0,
          "k": [
            0,
            0,
            0
          ],
          "ix": 2
        },
        "a": {
          "a": 0,
          "k": [
            351.875,
            -120.245,
            0
          ],
          "ix": 1
        },
        "s": {
          "a": 0,
          "k": [
            100,
            100,
            100
          ],
          "ix": 6
        }
      },
      "ao": 0,
      "shapes": [
        {
          "ty": "gr",
          "it": [
            {
              "ty": "rc",
              "d": 1,
              "s": {
                "a": 0,
                "k": [
                  222.679,
                  10
                ],
                "ix": 2
              },
              "p": {
                "a": 0,
                "k": [
                  0,
                  0
                ],
                "ix": 3
              },
              "r": {
                "a": 0,
                "k": 20,
                "ix": 4
              },
              "nm": "Rectangle Path 1",
              "mn": "ADBE Vector Shape - Rect",
              "hd": false
            },
            {
              "ty": "st",
              "c": {
                "a": 0,
                "k": [
                  0,
                  0,
                  0,
                  1
                ],
                "ix": 3
              },
              "o": {
                "a": 0,
                "k": 100,
                "ix": 4
              },
              "w": {
                "a": 0,
                "k": 0,
                "ix": 5
              },
              "lc": 1,
              "lj": 1,
              "ml": 4,
              "bm": 0,
              "nm": "Stroke 1",
              "mn": "ADBE Vector Graphic - Stroke",
              "hd": false
            },
            {
              "ty": "fl",
              "c": {
                "a": 0,
                "k": [
                  0.403921598547,
                  0.90588241278,
                  0.756862804936,
                  1
                ],
                "ix": 4
              },
              "o": {
                "a": 0,
                "k": 100,
                "ix": 5
              },
              "r": 1,
              "bm": 0,
              "nm": "Fill 1",
              "mn": "ADBE Vector Graphic - Fill",
              "hd": false
            },
            {
              "ty": "tr",
              "p": {
                "a": 0,
                "k": [
                  32.315,
                  -120.56
                ],
                "ix": 2
              },
              "a": {
                "a": 0,
                "k": [
                  0,
                  0
                ],
                "ix": 1
              },
              "s": {
                "a": 0,
                "k": [
                  100,
                  100
                ],
                "ix": 3
              },
              "r": {
                "a": 0,
                "k": 0,
                "ix": 6
              },
              "o": {
                "a": 0,
                "k": 100,
                "ix": 7
              },
              "sk": {
                "a": 0,
                "k": 0,
                "ix": 4
              },
              "sa": {
                "a": 0,
                "k": 0,
                "ix": 5
              },
              "nm": "Transform"
            }
          ],
          "nm": "Rectangle 1",
          "np": 3,
          "cix": 2,
          "bm": 0,
          "ix": 1,
          "mn": "ADBE Vector Group",
          "hd": false
        }
      ],
      "ip": 0,
      "op": 72.0720720720721,
      "st": 0,
      "bm": 0
    },
    {
      "ddd": 0,
      "ind": 12,
      "ty": 4,
      "nm": "Shape Layer 9",
      "parent": 1,
      "sr": 1,
      "ks": {
        "o": {
          "a": 0,
          "k": 100,
          "ix": 11
        },
        "r": {
          "a": 1,
          "k": [
            {
              "i": {
                "x": [
                  0.544
                ],
                "y": [
                  0.801
                ]
              },
              "o": {
                "x": [
                  0.333
                ],
                "y": [
                  0
                ]
              },
              "t": 0,
              "s": [
                90
              ]
            },
            {
              "i": {
                "x": [
                  0.833
                ],
                "y": [
                  1
                ]
              },
              "o": {
                "x": [
                  0.449
                ],
                "y": [
                  0.012
                ]
              },
              "t": 37,
              "s": [
                150
              ]
            },
            {
              "t": 71,
              "s": [
                450
              ]
            }
          ],
          "ix": 10
        },
        "p": {
          "a": 0,
          "k": [
            0,
            0,
            0
          ],
          "ix": 2
        },
        "a": {
          "a": 0,
          "k": [
            351.875,
            -120.245,
            0
          ],
          "ix": 1
        },
        "s": {
          "a": 0,
          "k": [
            100,
            100,
            100
          ],
          "ix": 6
        }
      },
      "ao": 0,
      "shapes": [
        {
          "ty": "gr",
          "it": [
            {
              "ty": "rc",
              "d": 1,
              "s": {
                "a": 0,
                "k": [
                  222.679,
                  10
                ],
                "ix": 2
              },
              "p": {
                "a": 0,
                "k": [
                  0,
                  0
                ],
                "ix": 3
              },
              "r": {
                "a": 0,
                "k": 20,
                "ix": 4
              },
              "nm": "Rectangle Path 1",
              "mn": "ADBE Vector Shape - Rect",
              "hd": false
            },
            {
              "ty": "st",
              "c": {
                "a": 0,
                "k": [
                  0,
                  0,
                  0,
                  1
                ],
                "ix": 3
              },
              "o": {
                "a": 0,
                "k": 100,
                "ix": 4
              },
              "w": {
                "a": 0,
                "k": 0,
                "ix": 5
              },
              "lc": 1,
              "lj": 1,
              "ml": 4,
              "bm": 0,
              "nm": "Stroke 1",
              "mn": "ADBE Vector Graphic - Stroke",
              "hd": false
            },
            {
              "ty": "fl",
              "c": {
                "a": 0,
                "k": [
                  0.403921598547,
                  0.90588241278,
                  0.756862804936,
                  1
                ],
                "ix": 4
              },
              "o": {
                "a": 0,
                "k": 100,
                "ix": 5
              },
              "r": 1,
              "bm": 0,
              "nm": "Fill 1",
              "mn": "ADBE Vector Graphic - Fill",
              "hd": false
            },
            {
              "ty": "tr",
              "p": {
                "a": 0,
                "k": [
                  32.315,
                  -120.56
                ],
                "ix": 2
              },
              "a": {
                "a": 0,
                "k": [
                  0,
                  0
                ],
                "ix": 1
              },
              "s": {
                "a": 0,
                "k": [
                  100,
                  100
                ],
                "ix": 3
              },
              "r": {
                "a": 0,
                "k": 0,
                "ix": 6
              },
              "o": {
                "a": 0,
                "k": 100,
                "ix": 7
              },
              "sk": {
                "a": 0,
                "k": 0,
                "ix": 4
              },
              "sa": {
                "a": 0,
                "k": 0,
                "ix": 5
              },
              "nm": "Transform"
            }
          ],
          "nm": "Rectangle 1",
          "np": 3,
          "cix": 2,
          "bm": 0,
          "ix": 1,
          "mn": "ADBE Vector Group",
          "hd": false
        }
      ],
      "ip": 0,
      "op": 72.0720720720721,
      "st": 0,
      "bm": 0
    },
    {
      "ddd": 0,
      "ind": 13,
      "ty": 4,
      "nm": "Shape Layer 8",
      "parent": 1,
      "sr": 1,
      "ks": {
        "o": {
          "a": 0,
          "k": 100,
          "ix": 11
        },
        "r": {
          "a": 1,
          "k": [
            {
              "i": {
                "x": [
                  0.544
                ],
                "y": [
                  0.967
                ]
              },
              "o": {
                "x": [
                  0.333
                ],
                "y": [
                  0
                ]
              },
              "t": 0,
              "s": [
                90
              ]
            },
            {
              "t": 37,
              "s": [
                450
              ]
            }
          ],
          "ix": 10
        },
        "p": {
          "a": 0,
          "k": [
            0,
            0,
            0
          ],
          "ix": 2
        },
        "a": {
          "a": 0,
          "k": [
            351.875,
            -120.245,
            0
          ],
          "ix": 1
        },
        "s": {
          "a": 0,
          "k": [
            100,
            100,
            100
          ],
          "ix": 6
        }
      },
      "ao": 0,
      "shapes": [
        {
          "ty": "gr",
          "it": [
            {
              "ty": "rc",
              "d": 1,
              "s": {
                "a": 0,
                "k": [
                  222.679,
                  10
                ],
                "ix": 2
              },
              "p": {
                "a": 0,
                "k": [
                  0,
                  0
                ],
                "ix": 3
              },
              "r": {
                "a": 0,
                "k": 20,
                "ix": 4
              },
              "nm": "Rectangle Path 1",
              "mn": "ADBE Vector Shape - Rect",
              "hd": false
            },
            {
              "ty": "st",
              "c": {
                "a": 0,
                "k": [
                  0,
                  0,
                  0,
                  1
                ],
                "ix": 3
              },
              "o": {
                "a": 0,
                "k": 100,
                "ix": 4
              },
              "w": {
                "a": 0,
                "k": 0,
                "ix": 5
              },
              "lc": 1,
              "lj": 1,
              "ml": 4,
              "bm": 0,
              "nm": "Stroke 1",
              "mn": "ADBE Vector Graphic - Stroke",
              "hd": false
            },
            {
              "ty": "fl",
              "c": {
                "a": 0,
                "k": [
                  0.403921598547,
                  0.90588241278,
                  0.756862804936,
                  1
                ],
                "ix": 4
              },
              "o": {
                "a": 0,
                "k": 100,
                "ix": 5
              },
              "r": 1,
              "bm": 0,
              "nm": "Fill 1",
              "mn": "ADBE Vector Graphic - Fill",
              "hd": false
            },
            {
              "ty": "tr",
              "p": {
                "a": 0,
                "k": [
                  32.315,
                  -120.56
                ],
                "ix": 2
              },
              "a": {
                "a": 0,
                "k": [
                  0,
                  0
                ],
                "ix": 1
              },
              "s": {
                "a": 0,
                "k": [
                  100,
                  100
                ],
                "ix": 3
              },
              "r": {
                "a": 0,
                "k": 0,
                "ix": 6
              },
              "o": {
                "a": 0,
                "k": 100,
                "ix": 7
              },
              "sk": {
                "a": 0,
                "k": 0,
                "ix": 4
              },
              "sa": {
                "a": 0,
                "k": 0,
                "ix": 5
              },
              "nm": "Transform"
            }
          ],
          "nm": "Rectangle 1",
          "np": 3,
          "cix": 2,
          "bm": 0,
          "ix": 1,
          "mn": "ADBE Vector Group",
          "hd": false
        }
      ],
      "ip": 0,
      "op": 72.0720720720721,
      "st": 0,
      "bm": 0
    },
    {
      "ddd": 0,
      "ind": 14,
      "ty": 4,
      "nm": "Shape Layer 19",
      "parent": 1,
      "sr": 1,
      "ks": {
        "o": {
          "a": 0,
          "k": 100,
          "ix": 11
        },
        "r": {
          "a": 1,
          "k": [
            {
              "i": {
                "x": [
                  0.217
                ],
                "y": [
                  0.952
                ]
              },
              "o": {
                "x": [
                  0.333
                ],
                "y": [
                  0
                ]
              },
              "t": 0,
              "s": [
                90
              ]
            },
            {
              "i": {
                "x": [
                  0.833
                ],
                "y": [
                  1
                ]
              },
              "o": {
                "x": [
                  0.757
                ],
                "y": [
                  0.294
                ]
              },
              "t": 37,
              "s": [
                390
              ]
            },
            {
              "t": 71,
              "s": [
                450
              ]
            }
          ],
          "ix": 10
        },
        "p": {
          "a": 0,
          "k": [
            0,
            0,
            0
          ],
          "ix": 2
        },
        "a": {
          "a": 0,
          "k": [
            351.875,
            -120.245,
            0
          ],
          "ix": 1
        },
        "s": {
          "a": 0,
          "k": [
            100,
            100,
            100
          ],
          "ix": 6
        }
      },
      "ao": 0,
      "shapes": [
        {
          "ty": "gr",
          "it": [
            {
              "ty": "rc",
              "d": 1,
              "s": {
                "a": 0,
                "k": [
                  222.679,
                  10
                ],
                "ix": 2
              },
              "p": {
                "a": 0,
                "k": [
                  0,
                  0
                ],
                "ix": 3
              },
              "r": {
                "a": 0,
                "k": 20,
                "ix": 4
              },
              "nm": "Rectangle Path 1",
              "mn": "ADBE Vector Shape - Rect",
              "hd": false
            },
            {
              "ty": "st",
              "c": {
                "a": 0,
                "k": [
                  0,
                  0,
                  0,
                  1
                ],
                "ix": 3
              },
              "o": {
                "a": 0,
                "k": 100,
                "ix": 4
              },
              "w": {
                "a": 0,
                "k": 0,
                "ix": 5
              },
              "lc": 1,
              "lj": 1,
              "ml": 4,
              "bm": 0,
              "nm": "Stroke 1",
              "mn": "ADBE Vector Graphic - Stroke",
              "hd": false
            },
            {
              "ty": "fl",
              "c": {
                "a": 0,
                "k": [
                  0.976470648074,
                  0.831372608858,
                  0.435294147566,
                  1
                ],
                "ix": 4
              },
              "o": {
                "a": 0,
                "k": 100,
                "ix": 5
              },
              "r": 1,
              "bm": 0,
              "nm": "Fill 1",
              "mn": "ADBE Vector Graphic - Fill",
              "hd": false
            },
            {
              "ty": "tr",
              "p": {
                "a": 0,
                "k": [
                  32.315,
                  -120.56
                ],
                "ix": 2
              },
              "a": {
                "a": 0,
                "k": [
                  0,
                  0
                ],
                "ix": 1
              },
              "s": {
                "a": 0,
                "k": [
                  100,
                  100
                ],
                "ix": 3
              },
              "r": {
                "a": 0,
                "k": 0,
                "ix": 6
              },
              "o": {
                "a": 0,
                "k": 100,
                "ix": 7
              },
              "sk": {
                "a": 0,
                "k": 0,
                "ix": 4
              },
              "sa": {
                "a": 0,
                "k": 0,
                "ix": 5
              },
              "nm": "Transform"
            }
          ],
          "nm": "Rectangle 1",
          "np": 3,
          "cix": 2,
          "bm": 0,
          "ix": 1,
          "mn": "ADBE Vector Group",
          "hd": false
        }
      ],
      "ip": 0,
      "op": 72.0720720720721,
      "st": 0,
      "bm": 0
    },
    {
      "ddd": 0,
      "ind": 15,
      "ty": 4,
      "nm": "Shape Layer 18",
      "parent": 1,
      "sr": 1,
      "ks": {
        "o": {
          "a": 0,
          "k": 100,
          "ix": 11
        },
        "r": {
          "a": 1,
          "k": [
            {
              "i": {
                "x": [
                  0.217
                ],
                "y": [
                  0.94
                ]
              },
              "o": {
                "x": [
                  0.333
                ],
                "y": [
                  0
                ]
              },
              "t": 0,
              "s": [
                90
              ]
            },
            {
              "i": {
                "x": [
                  0.833
                ],
                "y": [
                  1
                ]
              },
              "o": {
                "x": [
                  0.757
                ],
                "y": [
                  0.147
                ]
              },
              "t": 37,
              "s": [
                330
              ]
            },
            {
              "t": 71,
              "s": [
                450
              ]
            }
          ],
          "ix": 10
        },
        "p": {
          "a": 0,
          "k": [
            0,
            0,
            0
          ],
          "ix": 2
        },
        "a": {
          "a": 0,
          "k": [
            351.875,
            -120.245,
            0
          ],
          "ix": 1
        },
        "s": {
          "a": 0,
          "k": [
            100,
            100,
            100
          ],
          "ix": 6
        }
      },
      "ao": 0,
      "shapes": [
        {
          "ty": "gr",
          "it": [
            {
              "ty": "rc",
              "d": 1,
              "s": {
                "a": 0,
                "k": [
                  222.679,
                  10
                ],
                "ix": 2
              },
              "p": {
                "a": 0,
                "k": [
                  0,
                  0
                ],
                "ix": 3
              },
              "r": {
                "a": 0,
                "k": 20,
                "ix": 4
              },
              "nm": "Rectangle Path 1",
              "mn": "ADBE Vector Shape - Rect",
              "hd": false
            },
            {
              "ty": "st",
              "c": {
                "a": 0,
                "k": [
                  0,
                  0,
                  0,
                  1
                ],
                "ix": 3
              },
              "o": {
                "a": 0,
                "k": 100,
                "ix": 4
              },
              "w": {
                "a": 0,
                "k": 0,
                "ix": 5
              },
              "lc": 1,
              "lj": 1,
              "ml": 4,
              "bm": 0,
              "nm": "Stroke 1",
              "mn": "ADBE Vector Graphic - Stroke",
              "hd": false
            },
            {
              "ty": "fl",
              "c": {
                "a": 0,
                "k": [
                  0.976470648074,
                  0.831372608858,
                  0.435294147566,
                  1
                ],
                "ix": 4
              },
              "o": {
                "a": 0,
                "k": 100,
                "ix": 5
              },
              "r": 1,
              "bm": 0,
              "nm": "Fill 1",
              "mn": "ADBE Vector Graphic - Fill",
              "hd": false
            },
            {
              "ty": "tr",
              "p": {
                "a": 0,
                "k": [
                  32.315,
                  -120.56
                ],
                "ix": 2
              },
              "a": {
                "a": 0,
                "k": [
                  0,
                  0
                ],
                "ix": 1
              },
              "s": {
                "a": 0,
                "k": [
                  100,
                  100
                ],
                "ix": 3
              },
              "r": {
                "a": 0,
                "k": 0,
                "ix": 6
              },
              "o": {
                "a": 0,
                "k": 100,
                "ix": 7
              },
              "sk": {
                "a": 0,
                "k": 0,
                "ix": 4
              },
              "sa": {
                "a": 0,
                "k": 0,
                "ix": 5
              },
              "nm": "Transform"
            }
          ],
          "nm": "Rectangle 1",
          "np": 3,
          "cix": 2,
          "bm": 0,
          "ix": 1,
          "mn": "ADBE Vector Group",
          "hd": false
        }
      ],
      "ip": 0,
      "op": 72.0720720720721,
      "st": 0,
      "bm": 0
    },
    {
      "ddd": 0,
      "ind": 16,
      "ty": 4,
      "nm": "Shape Layer 17",
      "parent": 1,
      "sr": 1,
      "ks": {
        "o": {
          "a": 0,
          "k": 100,
          "ix": 11
        },
        "r": {
          "a": 1,
          "k": [
            {
              "i": {
                "x": [
                  0.217
                ],
                "y": [
                  0.92
                ]
              },
              "o": {
                "x": [
                  0.333
                ],
                "y": [
                  0
                ]
              },
              "t": 0,
              "s": [
                90
              ]
            },
            {
              "i": {
                "x": [
                  0.833
                ],
                "y": [
                  1
                ]
              },
              "o": {
                "x": [
                  0.757
                ],
                "y": [
                  0.098
                ]
              },
              "t": 37,
              "s": [
                270
              ]
            },
            {
              "t": 71,
              "s": [
                450
              ]
            }
          ],
          "ix": 10
        },
        "p": {
          "a": 0,
          "k": [
            0,
            0,
            0
          ],
          "ix": 2
        },
        "a": {
          "a": 0,
          "k": [
            351.875,
            -120.245,
            0
          ],
          "ix": 1
        },
        "s": {
          "a": 0,
          "k": [
            100,
            100,
            100
          ],
          "ix": 6
        }
      },
      "ao": 0,
      "shapes": [
        {
          "ty": "gr",
          "it": [
            {
              "ty": "rc",
              "d": 1,
              "s": {
                "a": 0,
                "k": [
                  222.679,
                  10
                ],
                "ix": 2
              },
              "p": {
                "a": 0,
                "k": [
                  0,
                  0
                ],
                "ix": 3
              },
              "r": {
                "a": 0,
                "k": 20,
                "ix": 4
              },
              "nm": "Rectangle Path 1",
              "mn": "ADBE Vector Shape - Rect",
              "hd": false
            },
            {
              "ty": "st",
              "c": {
                "a": 0,
                "k": [
                  0,
                  0,
                  0,
                  1
                ],
                "ix": 3
              },
              "o": {
                "a": 0,
                "k": 100,
                "ix": 4
              },
              "w": {
                "a": 0,
                "k": 0,
                "ix": 5
              },
              "lc": 1,
              "lj": 1,
              "ml": 4,
              "bm": 0,
              "nm": "Stroke 1",
              "mn": "ADBE Vector Graphic - Stroke",
              "hd": false
            },
            {
              "ty": "fl",
              "c": {
                "a": 0,
                "k": [
                  0.976470648074,
                  0.831372608858,
                  0.435294147566,
                  1
                ],
                "ix": 4
              },
              "o": {
                "a": 0,
                "k": 100,
                "ix": 5
              },
              "r": 1,
              "bm": 0,
              "nm": "Fill 1",
              "mn": "ADBE Vector Graphic - Fill",
              "hd": false
            },
            {
              "ty": "tr",
              "p": {
                "a": 0,
                "k": [
                  32.315,
                  -120.56
                ],
                "ix": 2
              },
              "a": {
                "a": 0,
                "k": [
                  0,
                  0
                ],
                "ix": 1
              },
              "s": {
                "a": 0,
                "k": [
                  100,
                  100
                ],
                "ix": 3
              },
              "r": {
                "a": 0,
                "k": 0,
                "ix": 6
              },
              "o": {
                "a": 0,
                "k": 100,
                "ix": 7
              },
              "sk": {
                "a": 0,
                "k": 0,
                "ix": 4
              },
              "sa": {
                "a": 0,
                "k": 0,
                "ix": 5
              },
              "nm": "Transform"
            }
          ],
          "nm": "Rectangle 1",
          "np": 3,
          "cix": 2,
          "bm": 0,
          "ix": 1,
          "mn": "ADBE Vector Group",
          "hd": false
        }
      ],
      "ip": 0,
      "op": 72.0720720720721,
      "st": 0,
      "bm": 0
    },
    {
      "ddd": 0,
      "ind": 17,
      "ty": 4,
      "nm": "Shape Layer 16",
      "parent": 1,
      "sr": 1,
      "ks": {
        "o": {
          "a": 0,
          "k": 100,
          "ix": 11
        },
        "r": {
          "a": 1,
          "k": [
            {
              "i": {
                "x": [
                  0.217
                ],
                "y": [
                  0.88
                ]
              },
              "o": {
                "x": [
                  0.333
                ],
                "y": [
                  0
                ]
              },
              "t": 0,
              "s": [
                90
              ]
            },
            {
              "i": {
                "x": [
                  0.833
                ],
                "y": [
                  1
                ]
              },
              "o": {
                "x": [
                  0.757
                ],
                "y": [
                  0.073
                ]
              },
              "t": 37,
              "s": [
                210
              ]
            },
            {
              "t": 71,
              "s": [
                450
              ]
            }
          ],
          "ix": 10
        },
        "p": {
          "a": 0,
          "k": [
            0,
            0,
            0
          ],
          "ix": 2
        },
        "a": {
          "a": 0,
          "k": [
            351.875,
            -120.245,
            0
          ],
          "ix": 1
        },
        "s": {
          "a": 0,
          "k": [
            100,
            100,
            100
          ],
          "ix": 6
        }
      },
      "ao": 0,
      "shapes": [
        {
          "ty": "gr",
          "it": [
            {
              "ty": "rc",
              "d": 1,
              "s": {
                "a": 0,
                "k": [
                  222.679,
                  10
                ],
                "ix": 2
              },
              "p": {
                "a": 0,
                "k": [
                  0,
                  0
                ],
                "ix": 3
              },
              "r": {
                "a": 0,
                "k": 20,
                "ix": 4
              },
              "nm": "Rectangle Path 1",
              "mn": "ADBE Vector Shape - Rect",
              "hd": false
            },
            {
              "ty": "st",
              "c": {
                "a": 0,
                "k": [
                  0,
                  0,
                  0,
                  1
                ],
                "ix": 3
              },
              "o": {
                "a": 0,
                "k": 100,
                "ix": 4
              },
              "w": {
                "a": 0,
                "k": 0,
                "ix": 5
              },
              "lc": 1,
              "lj": 1,
              "ml": 4,
              "bm": 0,
              "nm": "Stroke 1",
              "mn": "ADBE Vector Graphic - Stroke",
              "hd": false
            },
            {
              "ty": "fl",
              "c": {
                "a": 0,
                "k": [
                  0.976470648074,
                  0.831372608858,
                  0.435294147566,
                  1
                ],
                "ix": 4
              },
              "o": {
                "a": 0,
                "k": 100,
                "ix": 5
              },
              "r": 1,
              "bm": 0,
              "nm": "Fill 1",
              "mn": "ADBE Vector Graphic - Fill",
              "hd": false
            },
            {
              "ty": "tr",
              "p": {
                "a": 0,
                "k": [
                  32.315,
                  -120.56
                ],
                "ix": 2
              },
              "a": {
                "a": 0,
                "k": [
                  0,
                  0
                ],
                "ix": 1
              },
              "s": {
                "a": 0,
                "k": [
                  100,
                  100
                ],
                "ix": 3
              },
              "r": {
                "a": 0,
                "k": 0,
                "ix": 6
              },
              "o": {
                "a": 0,
                "k": 100,
                "ix": 7
              },
              "sk": {
                "a": 0,
                "k": 0,
                "ix": 4
              },
              "sa": {
                "a": 0,
                "k": 0,
                "ix": 5
              },
              "nm": "Transform"
            }
          ],
          "nm": "Rectangle 1",
          "np": 3,
          "cix": 2,
          "bm": 0,
          "ix": 1,
          "mn": "ADBE Vector Group",
          "hd": false
        }
      ],
      "ip": 0,
      "op": 72.0720720720721,
      "st": 0,
      "bm": 0
    },
    {
      "ddd": 0,
      "ind": 18,
      "ty": 4,
      "nm": "Shape Layer 15",
      "parent": 1,
      "sr": 1,
      "ks": {
        "o": {
          "a": 0,
          "k": 100,
          "ix": 11
        },
        "r": {
          "a": 1,
          "k": [
            {
              "i": {
                "x": [
                  0.217
                ],
                "y": [
                  0.76
                ]
              },
              "o": {
                "x": [
                  0.333
                ],
                "y": [
                  0
                ]
              },
              "t": 0,
              "s": [
                90
              ]
            },
            {
              "i": {
                "x": [
                  0.833
                ],
                "y": [
                  1
                ]
              },
              "o": {
                "x": [
                  0.757
                ],
                "y": [
                  0.059
                ]
              },
              "t": 37,
              "s": [
                150
              ]
            },
            {
              "t": 71,
              "s": [
                450
              ]
            }
          ],
          "ix": 10
        },
        "p": {
          "a": 0,
          "k": [
            0,
            0,
            0
          ],
          "ix": 2
        },
        "a": {
          "a": 0,
          "k": [
            351.875,
            -120.245,
            0
          ],
          "ix": 1
        },
        "s": {
          "a": 0,
          "k": [
            100,
            100,
            100
          ],
          "ix": 6
        }
      },
      "ao": 0,
      "shapes": [
        {
          "ty": "gr",
          "it": [
            {
              "ty": "rc",
              "d": 1,
              "s": {
                "a": 0,
                "k": [
                  222.679,
                  10
                ],
                "ix": 2
              },
              "p": {
                "a": 0,
                "k": [
                  0,
                  0
                ],
                "ix": 3
              },
              "r": {
                "a": 0,
                "k": 20,
                "ix": 4
              },
              "nm": "Rectangle Path 1",
              "mn": "ADBE Vector Shape - Rect",
              "hd": false
            },
            {
              "ty": "st",
              "c": {
                "a": 0,
                "k": [
                  0,
                  0,
                  0,
                  1
                ],
                "ix": 3
              },
              "o": {
                "a": 0,
                "k": 100,
                "ix": 4
              },
              "w": {
                "a": 0,
                "k": 0,
                "ix": 5
              },
              "lc": 1,
              "lj": 1,
              "ml": 4,
              "bm": 0,
              "nm": "Stroke 1",
              "mn": "ADBE Vector Graphic - Stroke",
              "hd": false
            },
            {
              "ty": "fl",
              "c": {
                "a": 0,
                "k": [
                  0.976470648074,
                  0.831372608858,
                  0.435294147566,
                  1
                ],
                "ix": 4
              },
              "o": {
                "a": 0,
                "k": 100,
                "ix": 5
              },
              "r": 1,
              "bm": 0,
              "nm": "Fill 1",
              "mn": "ADBE Vector Graphic - Fill",
              "hd": false
            },
            {
              "ty": "tr",
              "p": {
                "a": 0,
                "k": [
                  32.315,
                  -120.56
                ],
                "ix": 2
              },
              "a": {
                "a": 0,
                "k": [
                  0,
                  0
                ],
                "ix": 1
              },
              "s": {
                "a": 0,
                "k": [
                  100,
                  100
                ],
                "ix": 3
              },
              "r": {
                "a": 0,
                "k": 0,
                "ix": 6
              },
              "o": {
                "a": 0,
                "k": 100,
                "ix": 7
              },
              "sk": {
                "a": 0,
                "k": 0,
                "ix": 4
              },
              "sa": {
                "a": 0,
                "k": 0,
                "ix": 5
              },
              "nm": "Transform"
            }
          ],
          "nm": "Rectangle 1",
          "np": 3,
          "cix": 2,
          "bm": 0,
          "ix": 1,
          "mn": "ADBE Vector Group",
          "hd": false
        }
      ],
      "ip": 0,
      "op": 72.0720720720721,
      "st": 0,
      "bm": 0
    },
    {
      "ddd": 0,
      "ind": 19,
      "ty": 4,
      "nm": "Shape Layer 14",
      "parent": 1,
      "sr": 1,
      "ks": {
        "o": {
          "a": 0,
          "k": 100,
          "ix": 11
        },
        "r": {
          "a": 1,
          "k": [
            {
              "i": {
                "x": [
                  0.217
                ],
                "y": [
                  0.96
                ]
              },
              "o": {
                "x": [
                  0.333
                ],
                "y": [
                  0
                ]
              },
              "t": 0,
              "s": [
                90
              ]
            },
            {
              "t": 37,
              "s": [
                450
              ]
            }
          ],
          "ix": 10
        },
        "p": {
          "a": 0,
          "k": [
            0,
            0,
            0
          ],
          "ix": 2
        },
        "a": {
          "a": 0,
          "k": [
            351.875,
            -120.245,
            0
          ],
          "ix": 1
        },
        "s": {
          "a": 0,
          "k": [
            100,
            100,
            100
          ],
          "ix": 6
        }
      },
      "ao": 0,
      "shapes": [
        {
          "ty": "gr",
          "it": [
            {
              "ty": "rc",
              "d": 1,
              "s": {
                "a": 0,
                "k": [
                  222.679,
                  10
                ],
                "ix": 2
              },
              "p": {
                "a": 0,
                "k": [
                  0,
                  0
                ],
                "ix": 3
              },
              "r": {
                "a": 0,
                "k": 20,
                "ix": 4
              },
              "nm": "Rectangle Path 1",
              "mn": "ADBE Vector Shape - Rect",
              "hd": false
            },
            {
              "ty": "st",
              "c": {
                "a": 0,
                "k": [
                  0,
                  0,
                  0,
                  1
                ],
                "ix": 3
              },
              "o": {
                "a": 0,
                "k": 100,
                "ix": 4
              },
              "w": {
                "a": 0,
                "k": 0,
                "ix": 5
              },
              "lc": 1,
              "lj": 1,
              "ml": 4,
              "bm": 0,
              "nm": "Stroke 1",
              "mn": "ADBE Vector Graphic - Stroke",
              "hd": false
            },
            {
              "ty": "fl",
              "c": {
                "a": 0,
                "k": [
                  0.976470648074,
                  0.831372608858,
                  0.435294147566,
                  1
                ],
                "ix": 4
              },
              "o": {
                "a": 0,
                "k": 100,
                "ix": 5
              },
              "r": 1,
              "bm": 0,
              "nm": "Fill 1",
              "mn": "ADBE Vector Graphic - Fill",
              "hd": false
            },
            {
              "ty": "tr",
              "p": {
                "a": 0,
                "k": [
                  32.315,
                  -120.56
                ],
                "ix": 2
              },
              "a": {
                "a": 0,
                "k": [
                  0,
                  0
                ],
                "ix": 1
              },
              "s": {
                "a": 0,
                "k": [
                  100,
                  100
                ],
                "ix": 3
              },
              "r": {
                "a": 0,
                "k": 0,
                "ix": 6
              },
              "o": {
                "a": 0,
                "k": 100,
                "ix": 7
              },
              "sk": {
                "a": 0,
                "k": 0,
                "ix": 4
              },
              "sa": {
                "a": 0,
                "k": 0,
                "ix": 5
              },
              "nm": "Transform"
            }
          ],
          "nm": "Rectangle 1",
          "np": 3,
          "cix": 2,
          "bm": 0,
          "ix": 1,
          "mn": "ADBE Vector Group",
          "hd": false
        }
      ],
      "ip": 0,
      "op": 72.0720720720721,
      "st": 0,
      "bm": 0
    }
  ],
  "markers": []
}